address	status	detail
0040AE40	disabled	all apply flags are 0
0040BC90	disabled	all apply flags are 0
0040C080	disabled	all apply flags are 0
00415B30	disabled	all apply flags are 0
00416240	disabled	all apply flags are 0
00416270	disabled	all apply flags are 0
004162F0	disabled	all apply flags are 0
004167A0	disabled	all apply flags are 0
00416840	disabled	all apply flags are 0
00417740	disabled	all apply flags are 0
00417A00	disabled	all apply flags are 0
00417A20	disabled	all apply flags are 0
00417E70	disabled	all apply flags are 0
00417EE0	disabled	all apply flags are 0
00417FF0	disabled	all apply flags are 0
00418010	disabled	all apply flags are 0
00418030	applied	owner=applied(AnonReceiver_004167A0); receiver_type=unchanged
00419C30	disabled	all apply flags are 0
00419C50	disabled	all apply flags are 0
0041CE40	disabled	all apply flags are 0
0041CFF0	disabled	all apply flags are 0
0041D1A0	disabled	all apply flags are 0
0041D350	disabled	all apply flags are 0
0041D620	disabled	all apply flags are 0
0041D6C0	disabled	all apply flags are 0
0041D900	disabled	all apply flags are 0
0041DD00	disabled	all apply flags are 0
00423220	disabled	all apply flags are 0
004232E0	disabled	all apply flags are 0
00423320	disabled	all apply flags are 0
004237D0	disabled	all apply flags are 0
00423C70	disabled	all apply flags are 0
00423D80	disabled	all apply flags are 0
00423E70	disabled	all apply flags are 0
00424530	disabled	all apply flags are 0
00424620	disabled	all apply flags are 0
00424E10	applied	owner=applied(AnonReceiver_00424E10); receiver_type=unchanged
00427BB0	applied	owner=applied(AnonReceiver_00424E10); receiver_type=unchanged
0042C300	disabled	all apply flags are 0
0042D770	disabled	all apply flags are 0
00444E70	disabled	all apply flags are 0
0044D320	disabled	all apply flags are 0
004601F0	disabled	all apply flags are 0
004602E0	disabled	all apply flags are 0
00462180	disabled	all apply flags are 0
004658D0	disabled	all apply flags are 0
004805B0	disabled	all apply flags are 0
004838E0	disabled	all apply flags are 0
00483E30	disabled	all apply flags are 0
00484020	disabled	all apply flags are 0
0048D650	disabled	all apply flags are 0
0048D7C0	disabled	all apply flags are 0
0048DFD0	applied	owner=applied(AnonReceiver_0048DFD0); receiver_type=unchanged
004908A0	disabled	all apply flags are 0
00490A00	disabled	all apply flags are 0
00490CD0	applied	owner=applied(AnonReceiver_00490CD0); receiver_type=unchanged
00492510	disabled	all apply flags are 0
00492550	disabled	all apply flags are 0
004934B0	disabled	all apply flags are 0
00493610	disabled	all apply flags are 0
00494160	disabled	all apply flags are 0
00495010	disabled	all apply flags are 0
004950B0	disabled	all apply flags are 0
00495420	disabled	all apply flags are 0
004956C0	disabled	all apply flags are 0
00497370	disabled	all apply flags are 0
004AB070	disabled	all apply flags are 0
004ABCE0	disabled	all apply flags are 0
004AC610	disabled	all apply flags are 0
004AC660	disabled	all apply flags are 0
004AC6B0	disabled	all apply flags are 0
004AC700	disabled	all apply flags are 0
004AC910	disabled	all apply flags are 0
004AC950	disabled	all apply flags are 0
004AC9E0	disabled	all apply flags are 0
004ACCD0	disabled	all apply flags are 0
004ACD60	disabled	all apply flags are 0
004ACDD0	disabled	all apply flags are 0
004ACE00	disabled	all apply flags are 0
004ACEB0	disabled	all apply flags are 0
004AD0E0	disabled	all apply flags are 0
004AD150	disabled	all apply flags are 0
004AD380	disabled	all apply flags are 0
004AD460	disabled	all apply flags are 0
004AD4A0	disabled	all apply flags are 0
004AD670	disabled	all apply flags are 0
004B6E30	disabled	all apply flags are 0
004B7750	disabled	all apply flags are 0
004B7B20	disabled	all apply flags are 0
004B7D00	disabled	all apply flags are 0
004B7D50	disabled	all apply flags are 0
004B7E30	disabled	all apply flags are 0
004B98E0	disabled	all apply flags are 0
004B9BB0	disabled	all apply flags are 0
004C5350	disabled	all apply flags are 0
004C6440	disabled	all apply flags are 0
004C6BB0	disabled	all apply flags are 0
004C7070	disabled	all apply flags are 0
004C7260	disabled	all apply flags are 0
004C7730	disabled	all apply flags are 0
004C7860	disabled	all apply flags are 0
004C7CC0	disabled	all apply flags are 0
004C9370	disabled	all apply flags are 0
004C93E0	disabled	all apply flags are 0
004C9430	disabled	all apply flags are 0
004CAFC0	disabled	all apply flags are 0
004CC880	disabled	all apply flags are 0
004CCA00	disabled	all apply flags are 0
004CD3E0	disabled	all apply flags are 0
004CDEB0	disabled	all apply flags are 0
004CDEF0	disabled	all apply flags are 0
004CDF80	disabled	all apply flags are 0
004CDFD0	disabled	all apply flags are 0
004CE250	disabled	all apply flags are 0
004CE770	disabled	all apply flags are 0
004CE9E0	disabled	all apply flags are 0
004CF3E0	disabled	all apply flags are 0
004CFA00	disabled	all apply flags are 0
004CFBE0	disabled	all apply flags are 0
004CFDE0	disabled	all apply flags are 0
004CFFF0	disabled	all apply flags are 0
004D0970	disabled	all apply flags are 0
004D0A80	disabled	all apply flags are 0
004D6EB0	disabled	all apply flags are 0
004D76E0	disabled	all apply flags are 0
004D7C10	disabled	all apply flags are 0
004D7D30	disabled	all apply flags are 0
004D7E50	disabled	all apply flags are 0
004D7F70	disabled	all apply flags are 0
004D8B70	disabled	all apply flags are 0
004D8E70	disabled	all apply flags are 0
004D96B0	disabled	all apply flags are 0
004DA390	disabled	all apply flags are 0
004DB160	disabled	all apply flags are 0
004DBB10	disabled	all apply flags are 0
004DBB60	disabled	all apply flags are 0
004DBCC0	disabled	all apply flags are 0
004DBE00	disabled	all apply flags are 0
004DBF30	disabled	all apply flags are 0
004DC4B0	disabled	all apply flags are 0
004DC720	disabled	all apply flags are 0
004DCAA0	disabled	all apply flags are 0
004DD6C0	disabled	all apply flags are 0
004DD700	disabled	all apply flags are 0
004DD770	disabled	all apply flags are 0
004DD7C0	disabled	all apply flags are 0
004DD800	disabled	all apply flags are 0
004DDB30	disabled	all apply flags are 0
004DDBA0	disabled	all apply flags are 0
004DDC30	disabled	all apply flags are 0
004DE1E0	disabled	all apply flags are 0
004DE300	disabled	all apply flags are 0
004DE4F0	disabled	all apply flags are 0
004DE7D0	disabled	all apply flags are 0
004DEA90	disabled	all apply flags are 0
004DEBD0	disabled	all apply flags are 0
004DEEB0	disabled	all apply flags are 0
004DF370	disabled	all apply flags are 0
004DF6F0	disabled	all apply flags are 0
004DFC70	disabled	all apply flags are 0
004E15F0	disabled	all apply flags are 0
004E1690	disabled	all apply flags are 0
004E16D0	disabled	all apply flags are 0
004E18E0	disabled	all apply flags are 0
004E1930	disabled	all apply flags are 0
004E1D70	disabled	all apply flags are 0
004E1EB0	disabled	all apply flags are 0
004E1FB0	disabled	all apply flags are 0
004E20D0	disabled	all apply flags are 0
004E2340	disabled	all apply flags are 0
004E3790	disabled	all apply flags are 0
004E3800	disabled	all apply flags are 0
004E4E90	disabled	all apply flags are 0
004E5990	disabled	all apply flags are 0
004E5CC0	disabled	all apply flags are 0
004E6310	disabled	all apply flags are 0
004E6680	disabled	all apply flags are 0
004E68A0	disabled	all apply flags are 0
004E6A80	disabled	all apply flags are 0
004E6B40	disabled	all apply flags are 0
004E6C20	disabled	all apply flags are 0
004E6F00	disabled	all apply flags are 0
004E6FE0	disabled	all apply flags are 0
004E7230	disabled	all apply flags are 0
004E7390	disabled	all apply flags are 0
004E76E0	disabled	all apply flags are 0
004E7980	disabled	all apply flags are 0
004E7D70	disabled	all apply flags are 0
004E7E10	disabled	all apply flags are 0
004E8B10	disabled	all apply flags are 0
004E8E50	disabled	all apply flags are 0
004E91E0	disabled	all apply flags are 0
004E95C0	disabled	all apply flags are 0
004E9650	disabled	all apply flags are 0
004E96C0	disabled	all apply flags are 0
004E9960	disabled	all apply flags are 0
004E99E0	disabled	all apply flags are 0
004E9B10	disabled	all apply flags are 0
004EA460	disabled	all apply flags are 0
004EA530	disabled	all apply flags are 0
004EB150	disabled	all apply flags are 0
004EB6D0	disabled	all apply flags are 0
004EBAB0	disabled	all apply flags are 0
004EBCB0	disabled	all apply flags are 0
004EBDA0	disabled	all apply flags are 0
004EBFD0	disabled	all apply flags are 0
004EC700	disabled	all apply flags are 0
004EC900	disabled	all apply flags are 0
004FA870	disabled	all apply flags are 0
005121F0	disabled	all apply flags are 0
00512BE0	applied	owner=applied(AnonReceiver_004EEFB0); receiver_type=unchanged
005148A0	disabled	all apply flags are 0
00514BC0	disabled	all apply flags are 0
00515180	disabled	all apply flags are 0
0052BC30	disabled	all apply flags are 0
0052D320	disabled	all apply flags are 0
005335E0	disabled	all apply flags are 0
0053F510	disabled	all apply flags are 0
0054A9B0	disabled	all apply flags are 0
0054B630	disabled	all apply flags are 0
0054B700	applied	owner=applied(AnonReceiver_0054B700); receiver_type=unchanged
0054B9A0	disabled	all apply flags are 0
0054CDD0	disabled	all apply flags are 0
0054EAB0	disabled	all apply flags are 0
0054EB20	disabled	all apply flags are 0
005503C0	disabled	all apply flags are 0
005504F0	disabled	all apply flags are 0
005508F0	disabled	all apply flags are 0
00558C00	disabled	all apply flags are 0
005594A0	applied	owner=applied(AnonReceiver_005594A0); receiver_type=unchanged
00559620	applied	owner=applied(AnonReceiver_005594A0); receiver_type=unchanged
00559D60	applied	owner=applied(AnonReceiver_00559D60); receiver_type=unchanged
0055B7F0	disabled	all apply flags are 0
0055B9F0	disabled	all apply flags are 0
0055BB00	disabled	all apply flags are 0
0055BEB0	disabled	all apply flags are 0
00566970	disabled	all apply flags are 0
00566E70	disabled	all apply flags are 0
00567180	disabled	all apply flags are 0
00568780	disabled	all apply flags are 0
00568940	disabled	all apply flags are 0
00568BC0	disabled	all apply flags are 0
00572920	disabled	all apply flags are 0
00573260	disabled	all apply flags are 0
005734C0	disabled	all apply flags are 0
005797B0	disabled	all apply flags are 0
005800E0	disabled	all apply flags are 0
005801C0	disabled	all apply flags are 0
005804F0	disabled	all apply flags are 0
00580F50	disabled	all apply flags are 0
00580FA0	disabled	all apply flags are 0
00580FF0	disabled	all apply flags are 0
00581060	disabled	all apply flags are 0
005822B0	disabled	all apply flags are 0
00584C50	disabled	all apply flags are 0
00585890	disabled	all apply flags are 0
005860D0	disabled	all apply flags are 0
00589870	disabled	all apply flags are 0
0058AF70	disabled	all apply flags are 0
0058C560	disabled	all apply flags are 0
0058CF90	disabled	all apply flags are 0
0058F1E0	disabled	all apply flags are 0
0058F680	disabled	all apply flags are 0
00590130	disabled	all apply flags are 0
005B5BE0	applied	owner=applied(AnonReceiver_005B5BE0); receiver_type=unchanged
005B6350	disabled	all apply flags are 0
005B6450	disabled	all apply flags are 0
005B6730	disabled	all apply flags are 0
005C29B0	applied	owner=applied(AnonReceiver_005B6730); receiver_type=unchanged
005C8200	disabled	all apply flags are 0
005CBBE0	disabled	all apply flags are 0
005DA7A0	disabled	all apply flags are 0
005DA940	disabled	all apply flags are 0
005DA980	disabled	all apply flags are 0
005DAA90	disabled	all apply flags are 0
005DAB70	disabled	all apply flags are 0
005EC9F0	disabled	all apply flags are 0
005ECD70	disabled	all apply flags are 0
005ECFE0	disabled	all apply flags are 0
005ED1C0	disabled	all apply flags are 0
005EDE30	disabled	all apply flags are 0
005EEFF0	disabled	all apply flags are 0
005EF4B0	disabled	all apply flags are 0
005EF6C0	disabled	all apply flags are 0
005F05A0	disabled	all apply flags are 0
005F09B0	disabled	all apply flags are 0
005F13C0	disabled	all apply flags are 0
005F14B0	disabled	all apply flags are 0
005F15F0	disabled	all apply flags are 0
005F1700	disabled	all apply flags are 0
005F1D80	disabled	all apply flags are 0
005F23D0	disabled	all apply flags are 0
005F35F0	applied	owner=applied(AnonReceiver_005F35F0); receiver_type=unchanged
005F5700	disabled	all apply flags are 0
005F5C40	disabled	all apply flags are 0
005F8650	disabled	all apply flags are 0
005F8810	disabled	all apply flags are 0
005F88D0	disabled	all apply flags are 0
005F89F0	disabled	all apply flags are 0
005F8BA0	disabled	all apply flags are 0
005F9050	disabled	all apply flags are 0
005F91E0	disabled	all apply flags are 0
005F9310	disabled	all apply flags are 0
005F9CB0	disabled	all apply flags are 0
005FA360	disabled	all apply flags are 0
005FAA10	disabled	all apply flags are 0
005FAC40	disabled	all apply flags are 0
005FADA0	disabled	all apply flags are 0
005FAF70	disabled	all apply flags are 0
005FAFF0	disabled	all apply flags are 0
005FD940	disabled	all apply flags are 0
005FDB50	disabled	all apply flags are 0
005FE5D0	disabled	all apply flags are 0
005FEB60	disabled	all apply flags are 0
005FF1F0	disabled	all apply flags are 0
005FF3A0	disabled	all apply flags are 0
005FF430	disabled	all apply flags are 0
005FFF60	disabled	all apply flags are 0
00600110	disabled	all apply flags are 0
006001E0	disabled	all apply flags are 0
006010A0	disabled	all apply flags are 0
006012D0	disabled	all apply flags are 0
00601500	disabled	all apply flags are 0
006029C0	disabled	all apply flags are 0
00602E90	applied	owner=applied(AnonReceiver_00602E90); receiver_type=unchanged
006042D0	disabled	all apply flags are 0
00604870	disabled	all apply flags are 0
00604A00	disabled	all apply flags are 0
00604EE0	disabled	all apply flags are 0
00604FC0	disabled	all apply flags are 0
00605B60	disabled	all apply flags are 0
00607200	disabled	all apply flags are 0
00607A60	disabled	all apply flags are 0
00608B50	disabled	all apply flags are 0
0060A430	disabled	all apply flags are 0
0060BCB0	disabled	all apply flags are 0
0060BD30	disabled	all apply flags are 0
0060BDD0	disabled	all apply flags are 0
0060C020	disabled	all apply flags are 0
0060CA40	disabled	all apply flags are 0
0060CB60	disabled	all apply flags are 0
0060CCF0	disabled	all apply flags are 0
0060D810	disabled	all apply flags are 0
0060ECE0	disabled	all apply flags are 0
0060EF40	disabled	all apply flags are 0
00613140	disabled	all apply flags are 0
00613280	disabled	all apply flags are 0
006139A0	disabled	all apply flags are 0
00614400	disabled	all apply flags are 0
00614950	disabled	all apply flags are 0
00614A90	disabled	all apply flags are 0
00614C80	disabled	all apply flags are 0
00614EE0	disabled	all apply flags are 0
006151E0	disabled	all apply flags are 0
00615E70	disabled	all apply flags are 0
00615FD0	disabled	all apply flags are 0
00616280	disabled	all apply flags are 0
006164E0	disabled	all apply flags are 0
00616A80	disabled	all apply flags are 0
00616F60	disabled	all apply flags are 0
006173A0	disabled	all apply flags are 0
00617560	disabled	all apply flags are 0
00617AA0	disabled	all apply flags are 0
00617B10	disabled	all apply flags are 0
00617C30	disabled	all apply flags are 0
00617CA0	disabled	all apply flags are 0
00618900	disabled	all apply flags are 0
00618A50	disabled	all apply flags are 0
00618B40	disabled	all apply flags are 0
006193A0	disabled	all apply flags are 0
0061B340	disabled	all apply flags are 0
0061BDB0	disabled	all apply flags are 0
0061C5F0	disabled	all apply flags are 0
0061C910	disabled	all apply flags are 0
0061CA90	disabled	all apply flags are 0
0061CFB0	disabled	all apply flags are 0
0061D080	disabled	all apply flags are 0
0061F8B0	disabled	all apply flags are 0
0061FA40	disabled	all apply flags are 0
0061FB70	disabled	all apply flags are 0
0061FDB0	disabled	all apply flags are 0
0061FE80	disabled	all apply flags are 0
00620030	disabled	all apply flags are 0
00620160	disabled	all apply flags are 0
006203F0	disabled	all apply flags are 0
00620520	disabled	all apply flags are 0
00620780	disabled	all apply flags are 0
006208B0	disabled	all apply flags are 0
00620A00	disabled	all apply flags are 0
00620B20	disabled	all apply flags are 0
00620C50	disabled	all apply flags are 0
00620DA0	disabled	all apply flags are 0
00620F60	disabled	all apply flags are 0
00621090	disabled	all apply flags are 0
006211E0	disabled	all apply flags are 0
00621300	disabled	all apply flags are 0
00621430	disabled	all apply flags are 0
00621580	disabled	all apply flags are 0
00621640	disabled	all apply flags are 0
006216E0	disabled	all apply flags are 0
00621780	disabled	all apply flags are 0
00624140	disabled	all apply flags are 0
00624570	disabled	all apply flags are 0
00624920	disabled	all apply flags are 0
006264D0	disabled	all apply flags are 0
006270E0	disabled	all apply flags are 0
00627650	disabled	all apply flags are 0
00627DB0	disabled	all apply flags are 0
0062AF90	disabled	all apply flags are 0
0062E240	disabled	all apply flags are 0
0062F6C0	disabled	all apply flags are 0
0062F940	disabled	all apply flags are 0
0062FA80	disabled	all apply flags are 0
00630000	disabled	all apply flags are 0
00630AC0	disabled	all apply flags are 0
00630BB0	disabled	all apply flags are 0
00630C50	applied	owner=applied(AnonReceiver_006308F0); receiver_type=unchanged
00631190	disabled	all apply flags are 0
00631880	disabled	all apply flags are 0
00631C20	disabled	all apply flags are 0
00632650	disabled	all apply flags are 0
00633770	disabled	all apply flags are 0
00635A40	disabled	all apply flags are 0
00636260	disabled	all apply flags are 0
00639500	disabled	all apply flags are 0
00639670	disabled	all apply flags are 0
00639BF0	disabled	all apply flags are 0
0063C030	disabled	all apply flags are 0
0063C170	disabled	all apply flags are 0
0063C380	disabled	all apply flags are 0
0063C4A0	disabled	all apply flags are 0
0063C510	disabled	all apply flags are 0
0063CC50	disabled	all apply flags are 0
0063CFF0	disabled	all apply flags are 0
0063D100	disabled	all apply flags are 0
0063D460	disabled	all apply flags are 0
0063D660	disabled	all apply flags are 0
0063DE20	disabled	all apply flags are 0
0063E700	disabled	all apply flags are 0
0063E9C0	disabled	all apply flags are 0
0063FE70	disabled	all apply flags are 0
00640170	disabled	all apply flags are 0
00640390	disabled	all apply flags are 0
006404B0	disabled	all apply flags are 0
006443C0	disabled	all apply flags are 0
00644410	disabled	all apply flags are 0
006473E0	disabled	all apply flags are 0
00647A60	disabled	all apply flags are 0
0064A970	disabled	all apply flags are 0
0064E510	disabled	all apply flags are 0
0065BD20	disabled	all apply flags are 0
0065D940	disabled	all apply flags are 0
0065DA50	disabled	all apply flags are 0
0065E9A0	disabled	all apply flags are 0
0065EB70	disabled	all apply flags are 0
0065ED90	disabled	all apply flags are 0
0065FA60	applied	owner=applied(AnonReceiver_0065FA60); receiver_type=unchanged
0065FD50	disabled	all apply flags are 0
00660180	disabled	all apply flags are 0
00660420	disabled	all apply flags are 0
00660540	disabled	all apply flags are 0
00660700	disabled	all apply flags are 0
00660910	disabled	all apply flags are 0
00660A40	disabled	all apply flags are 0
006616B0	disabled	all apply flags are 0
00661790	disabled	all apply flags are 0
00664540	disabled	all apply flags are 0
00664650	disabled	all apply flags are 0
0066ACC0	disabled	all apply flags are 0
00671F10	disabled	all apply flags are 0
00672440	disabled	all apply flags are 0
00678E00	disabled	all apply flags are 0
00678EF0	disabled	all apply flags are 0
00679120	disabled	all apply flags are 0
006799B0	disabled	all apply flags are 0
00679D60	disabled	all apply flags are 0
00679E70	disabled	all apply flags are 0
00679F00	disabled	all apply flags are 0
0067A020	disabled	all apply flags are 0
0067A0C0	disabled	all apply flags are 0
0067A1B0	disabled	all apply flags are 0
0067B1A0	disabled	all apply flags are 0
0067B210	disabled	all apply flags are 0
0067BF60	disabled	all apply flags are 0
0068E140	disabled	all apply flags are 0
0068E220	disabled	all apply flags are 0
0068E300	disabled	all apply flags are 0
0068E3C0	disabled	all apply flags are 0
0068E850	disabled	all apply flags are 0
0068E8C0	disabled	all apply flags are 0
0068F8F0	disabled	all apply flags are 0
0068FA00	disabled	all apply flags are 0
006904D0	disabled	all apply flags are 0
00690550	disabled	all apply flags are 0
00691690	disabled	all apply flags are 0
00692920	disabled	all apply flags are 0
00693AD0	disabled	all apply flags are 0
00693B20	disabled	all apply flags are 0
00693D00	disabled	all apply flags are 0
00693E60	disabled	all apply flags are 0
006940B0	disabled	all apply flags are 0
00694200	disabled	all apply flags are 0
006945C0	disabled	all apply flags are 0
006948E0	disabled	all apply flags are 0
00694CD0	disabled	all apply flags are 0
00695010	disabled	all apply flags are 0
006952B0	disabled	all apply flags are 0
00695C10	disabled	all apply flags are 0
00695CD0	disabled	all apply flags are 0
00695F70	disabled	all apply flags are 0
00696050	disabled	all apply flags are 0
006960D0	disabled	all apply flags are 0
006961B0	disabled	all apply flags are 0
00696310	disabled	all apply flags are 0
00696400	disabled	all apply flags are 0
006964F0	disabled	all apply flags are 0
00696740	disabled	all apply flags are 0
00696940	disabled	all apply flags are 0
00696C40	disabled	all apply flags are 0
00696D00	disabled	all apply flags are 0
00696DC0	disabled	all apply flags are 0
00696EB0	disabled	all apply flags are 0
00697AF0	disabled	all apply flags are 0
00697C50	disabled	all apply flags are 0
00697CF0	disabled	all apply flags are 0
00698CA0	disabled	all apply flags are 0
006991C0	disabled	all apply flags are 0
0069ADA0	disabled	all apply flags are 0
0069B190	disabled	all apply flags are 0
0069B400	disabled	all apply flags are 0
0069BC10	disabled	all apply flags are 0
0069BDC0	disabled	all apply flags are 0
0069C360	disabled	all apply flags are 0
0069C790	disabled	all apply flags are 0
0069C8B0	disabled	all apply flags are 0
0069E4D0	disabled	all apply flags are 0
0069F160	disabled	all apply flags are 0
006A06D0	disabled	all apply flags are 0
006A09F0	disabled	all apply flags are 0
006A0AE0	disabled	all apply flags are 0
006A0C90	disabled	all apply flags are 0
006A0DA0	disabled	all apply flags are 0
006A0E30	disabled	all apply flags are 0
006D4FF0	disabled	all apply flags are 0
006D5720	disabled	all apply flags are 0
006D5CD0	disabled	all apply flags are 0
006D6110	disabled	all apply flags are 0
006D6160	disabled	all apply flags are 0
006D63E0	disabled	all apply flags are 0
006D70B0	disabled	all apply flags are 0
006DD530	disabled	all apply flags are 0
006DD610	disabled	all apply flags are 0
006DD790	disabled	all apply flags are 0
006DD800	disabled	all apply flags are 0
006DDA90	disabled	all apply flags are 0
006DDAE0	disabled	all apply flags are 0
006DE570	disabled	all apply flags are 0
006E1320	disabled	all apply flags are 0
006E1460	disabled	all apply flags are 0
006E1C20	disabled	all apply flags are 0
006E1EE0	applied	owner=applied(AnonReceiver_00424E10); receiver_type=unchanged
006E25D0	disabled	all apply flags are 0
006E2970	disabled	all apply flags are 0
006E2C30	disabled	all apply flags are 0
006E2D00	disabled	all apply flags are 0
006E3310	disabled	all apply flags are 0
006E3A70	disabled	all apply flags are 0
006E3A90	disabled	all apply flags are 0
006E44E0	disabled	all apply flags are 0
006E45A0	disabled	all apply flags are 0
006E4D20	disabled	all apply flags are 0
006E5380	disabled	all apply flags are 0
006E5FB0	disabled	all apply flags are 0
006E5FE0	disabled	all apply flags are 0
006E6020	disabled	all apply flags are 0
006E6060	disabled	all apply flags are 0
006E60A0	disabled	all apply flags are 0
006E60E0	disabled	all apply flags are 0
006E62D0	disabled	all apply flags are 0
006E6400	disabled	all apply flags are 0
006E6500	disabled	all apply flags are 0
006E6710	disabled	all apply flags are 0
006E6780	disabled	all apply flags are 0
006E6870	disabled	all apply flags are 0
006E68C0	disabled	all apply flags are 0
006E6AF0	disabled	all apply flags are 0
006E6FB0	disabled	all apply flags are 0
006E8580	disabled	all apply flags are 0
006E8630	disabled	all apply flags are 0
006E8640	disabled	all apply flags are 0
006E8660	disabled	all apply flags are 0
006E88C0	disabled	all apply flags are 0
006E89B0	disabled	all apply flags are 0
006E8B00	disabled	all apply flags are 0
006E8BA0	disabled	all apply flags are 0
006E8C80	disabled	all apply flags are 0
006E8D20	disabled	all apply flags are 0
006E8DF0	disabled	all apply flags are 0
006E8EA0	disabled	all apply flags are 0
006E9000	disabled	all apply flags are 0
006E91D0	disabled	all apply flags are 0
006E9210	disabled	all apply flags are 0
006E92C0	disabled	all apply flags are 0
006E9350	disabled	all apply flags are 0
006E93C0	disabled	all apply flags are 0
006E9490	disabled	all apply flags are 0
006E9520	applied	owner=applied(AnonReceiver_00424E10); receiver_type=unchanged
006E96D0	disabled	all apply flags are 0
006E9720	disabled	all apply flags are 0
006E97C0	disabled	all apply flags are 0
006E9830	disabled	all apply flags are 0
006E98E0	disabled	all apply flags are 0
006E9AF0	disabled	all apply flags are 0
006E9CB0	disabled	all apply flags are 0
006E9D40	disabled	all apply flags are 0
006E9DD0	disabled	all apply flags are 0
006E9E60	disabled	all apply flags are 0
006E9EF0	disabled	all apply flags are 0
006EA050	disabled	all apply flags are 0
006EA190	disabled	all apply flags are 0
006EA270	disabled	all apply flags are 0
006EA2F0	disabled	all apply flags are 0
006EA340	disabled	all apply flags are 0
006EA3E0	disabled	all apply flags are 0
006EA4E0	disabled	all apply flags are 0
006EA5E0	disabled	all apply flags are 0
006EA680	disabled	all apply flags are 0
006EA6D0	disabled	all apply flags are 0
006EA790	disabled	all apply flags are 0
006EA800	disabled	all apply flags are 0
006EA8A0	disabled	all apply flags are 0
006EA960	disabled	all apply flags are 0
006EAAA0	disabled	all apply flags are 0
006EAB60	disabled	all apply flags are 0
006EABF0	disabled	all apply flags are 0
006EAD40	disabled	all apply flags are 0
006EB230	disabled	all apply flags are 0
006EB350	disabled	all apply flags are 0
006F1CB0	disabled	all apply flags are 0
006F31D0	disabled	all apply flags are 0
00708D10	disabled	all apply flags are 0
00709470	disabled	all apply flags are 0
00709670	disabled	all apply flags are 0
007109F0	disabled	all apply flags are 0
00710FB0	disabled	all apply flags are 0
007112E0	disabled	all apply flags are 0
00711370	disabled	all apply flags are 0
007113E0	disabled	all apply flags are 0
007114C0	disabled	all apply flags are 0
00711580	disabled	all apply flags are 0
007115E0	disabled	all apply flags are 0
00711670	disabled	all apply flags are 0
007140E0	disabled	all apply flags are 0
00714B30	disabled	all apply flags are 0
00714CE0	disabled	all apply flags are 0
00714FB0	disabled	all apply flags are 0
007178C0	disabled	all apply flags are 0
0071C7C0	disabled	all apply flags are 0
0071C9F0	disabled	all apply flags are 0
0071E060	disabled	all apply flags are 0
00720E70	disabled	all apply flags are 0
00721080	disabled	all apply flags are 0
00721520	disabled	all apply flags are 0
00721830	disabled	all apply flags are 0
00721A20	disabled	all apply flags are 0
00724330	disabled	all apply flags are 0
00724E20	disabled	all apply flags are 0
00724F00	disabled	all apply flags are 0
00724FA0	disabled	all apply flags are 0
00726CE0	disabled	all apply flags are 0
007279B0	disabled	all apply flags are 0
00727DA0	disabled	all apply flags are 0
007282B0	disabled	all apply flags are 0
00728A80	disabled	all apply flags are 0
00728DA0	disabled	all apply flags are 0
007297E0	disabled	all apply flags are 0
0072AC20	disabled	all apply flags are 0
00747406	disabled	all apply flags are 0
00747429	disabled	all apply flags are 0
0074756B	disabled	all apply flags are 0
00747874	disabled	all apply flags are 0
00747CE5	disabled	all apply flags are 0
00747D92	disabled	all apply flags are 0
00747E65	disabled	all apply flags are 0
00747F68	disabled	all apply flags are 0
007489F8	disabled	all apply flags are 0
00748A83	disabled	all apply flags are 0
00749024	disabled	all apply flags are 0
0074A81D	disabled	all apply flags are 0
0074A95F	disabled	all apply flags are 0
0074ABC4	disabled	all apply flags are 0
0074AD49	disabled	all apply flags are 0
0074B5E6	disabled	all apply flags are 0
0074B7B8	disabled	all apply flags are 0
0074BBC6	disabled	all apply flags are 0
0074BFBF	disabled	all apply flags are 0
0074C38F	disabled	all apply flags are 0
0074C658	disabled	all apply flags are 0
0074CB34	disabled	all apply flags are 0
0074CDC5	disabled	all apply flags are 0
0074CFC0	disabled	all apply flags are 0
0074D1EA	disabled	all apply flags are 0
0074DEE5	disabled	all apply flags are 0
0074DF2B	disabled	all apply flags are 0
0074DF72	disabled	all apply flags are 0
0074DFB5	disabled	all apply flags are 0
0074E079	disabled	all apply flags are 0
0074E122	disabled	all apply flags are 0
0074E2D9	disabled	all apply flags are 0
0074E684	disabled	all apply flags are 0
0074E88E	disabled	all apply flags are 0
0074E8DF	disabled	all apply flags are 0
0074EEF3	disabled	all apply flags are 0
0074FAA3	disabled	all apply flags are 0
0074FC49	disabled	all apply flags are 0
0074FEA4	disabled	all apply flags are 0
