address	comment_status	name_status	detail
0040AE40	unchanged	disabled	ok
0040BC90	unchanged	disabled	ok
0040C080	unchanged	disabled	ok
0040E0F0	unchanged	disabled	ok
0040FC40	unchanged	disabled	ok
00410DC0	unchanged	disabled	ok
00411260	unchanged	disabled	ok
00411E50	unchanged	disabled	ok
00412960	unchanged	disabled	ok
00413050	unchanged	disabled	ok
00414980	unchanged	disabled	ok
00415160	disabled	disabled	ok
00415590	disabled	disabled	ok
004189D0	disabled	disabled	ok
00419DF0	disabled	disabled	ok
0041A680	disabled	disabled	ok
0041AF40	disabled	disabled	ok
0041E530	disabled	disabled	ok
0041F9B0	disabled	disabled	ok
00420340	disabled	disabled	ok
00420AE0	disabled	disabled	ok
004210E0	disabled	disabled	ok
00422210	disabled	disabled	ok
004233E0	disabled	disabled	ok
00423520	disabled	disabled	ok
00423660	disabled	disabled	ok
00423850	disabled	disabled	ok
00423B50	disabled	disabled	ok
00423EC0	disabled	disabled	ok
004240F0	disabled	disabled	ok
00424360	disabled	disabled	ok
004247B0	disabled	disabled	ok
00424E10	unchanged	disabled	ok
00427F20	unchanged	disabled	ok
00428E50	unchanged	disabled	ok
0042A290	unchanged	unchanged	ok
0042A860	unchanged	disabled	ok
0042AB00	disabled	disabled	ok
0042ABE0	disabled	disabled	ok
0042B1F0	disabled	disabled	ok
0042B620	disabled	disabled	ok
0042B7D0	disabled	disabled	ok
0042BB30	disabled	disabled	ok
0042BEA0	disabled	disabled	ok
0042C1C0	disabled	disabled	ok
0042C300	unchanged	disabled	ok
0042C4B0	disabled	disabled	ok
0042C5F0	disabled	disabled	ok
0042CDE0	disabled	disabled	ok
0042CEF0	disabled	disabled	ok
0042D190	disabled	disabled	ok
0042D370	disabled	disabled	ok
0042D4F0	disabled	disabled	ok
0042D6B0	disabled	disabled	ok
0042D980	disabled	disabled	ok
0042DFE0	disabled	disabled	ok
0042E210	disabled	disabled	ok
0042EFD0	disabled	disabled	ok
0042F140	disabled	disabled	ok
0042F2B0	disabled	disabled	ok
00430470	disabled	disabled	ok
00430620	disabled	disabled	ok
00430750	unchanged	disabled	ok
00430960	disabled	disabled	ok
00430A90	disabled	disabled	ok
004314E0	disabled	disabled	ok
00433E90	disabled	disabled	ok
00435060	disabled	disabled	ok
004354E0	disabled	disabled	ok
00435930	disabled	disabled	ok
00436F20	disabled	disabled	ok
00438E30	disabled	disabled	ok
00439100	disabled	disabled	ok
0043AAF0	disabled	disabled	ok
0043AE40	disabled	disabled	ok
0043BEB0	disabled	disabled	ok
0043E4E0	disabled	disabled	ok
0043E780	disabled	disabled	ok
0043EED0	disabled	disabled	ok
0043F200	disabled	disabled	ok
00440600	disabled	disabled	ok
00440860	disabled	disabled	ok
00440990	disabled	disabled	ok
00440AA0	disabled	disabled	ok
00441CE0	disabled	disabled	ok
00442300	disabled	disabled	ok
00442B40	disabled	disabled	ok
00442E50	disabled	disabled	ok
00443F30	disabled	disabled	ok
004455C0	disabled	disabled	ok
004458D0	disabled	disabled	ok
00445A40	disabled	disabled	ok
004461B0	disabled	disabled	ok
00446520	disabled	disabled	ok
00446910	disabled	disabled	ok
00446AA0	disabled	disabled	ok
00446F80	disabled	disabled	ok
00448120	disabled	disabled	ok
00449B60	disabled	disabled	ok
00449CE0	disabled	disabled	ok
00449E60	disabled	disabled	ok
00449FD0	disabled	disabled	ok
0044A150	disabled	disabled	ok
0044A2C0	disabled	disabled	ok
0044A440	disabled	disabled	ok
0044A5B0	disabled	disabled	ok
0044A730	disabled	disabled	ok
0044A8A0	disabled	disabled	ok
0044AA20	disabled	disabled	ok
0044AB90	disabled	disabled	ok
0044AF50	disabled	disabled	ok
0044B030	disabled	disabled	ok
0044B280	disabled	disabled	ok
0044B5F0	disabled	disabled	ok
0044C130	disabled	disabled	ok
0044C720	disabled	disabled	ok
0044E980	disabled	disabled	ok
0044EE30	disabled	disabled	ok
0045EF00	disabled	disabled	ok
0045F400	disabled	disabled	ok
0045FD30	disabled	disabled	ok
004608B0	disabled	disabled	ok
004653B0	disabled	disabled	ok
00465BE0	disabled	disabled	ok
00465C60	disabled	disabled	ok
0046AA50	disabled	disabled	ok
0046B100	disabled	disabled	ok
0046C980	disabled	disabled	ok
0046CF20	disabled	disabled	ok
0046D450	disabled	disabled	ok
0046EFD0	disabled	disabled	ok
0046F5C0	disabled	disabled	ok
004714D0	disabled	disabled	ok
00471AC0	disabled	disabled	ok
004732F0	disabled	disabled	ok
00474810	disabled	disabled	ok
004749C0	disabled	disabled	ok
00475530	disabled	disabled	ok
004758E0	disabled	disabled	ok
00476120	disabled	disabled	ok
004761B0	disabled	disabled	ok
00476A10	disabled	disabled	ok
00476CE0	disabled	disabled	ok
00478030	disabled	disabled	ok
00478640	disabled	disabled	ok
00479600	disabled	disabled	ok
0047BF70	disabled	disabled	ok
0047C050	disabled	disabled	ok
0047CF20	disabled	disabled	ok
0047D080	disabled	disabled	ok
0047DA50	disabled	disabled	ok
0047DF00	disabled	disabled	ok
0047FAD0	disabled	disabled	ok
0047FE10	disabled	disabled	ok
00482450	disabled	disabled	ok
004827F0	disabled	disabled	ok
00482A00	disabled	disabled	ok
00488F30	disabled	disabled	ok
004899A0	disabled	disabled	ok
0048A670	disabled	disabled	ok
0048CC80	disabled	disabled	ok
0048CEA0	disabled	disabled	ok
0048D130	disabled	disabled	ok
0048FAC0	disabled	disabled	ok
004900E0	disabled	disabled	ok
00491070	disabled	disabled	ok
00491240	disabled	disabled	ok
00491600	unchanged	disabled	ok
00491720	unchanged	disabled	ok
004919C0	disabled	disabled	ok
00491FB0	disabled	disabled	ok
00492080	disabled	disabled	ok
00492280	disabled	disabled	ok
00492390	unchanged	disabled	ok
00493340	disabled	disabled	ok
00495980	disabled	disabled	ok
00495EC0	disabled	disabled	ok
00497CD0	disabled	disabled	ok
00497E00	disabled	disabled	ok
00499750	disabled	disabled	ok
004999C0	disabled	disabled	ok
00499B80	disabled	disabled	ok
00499DE0	disabled	disabled	ok
0049A620	disabled	disabled	ok
0049A940	disabled	disabled	ok
0049AAF0	disabled	disabled	ok
0049B4C0	disabled	disabled	ok
0049B7D0	disabled	disabled	ok
0049C210	disabled	disabled	ok
0049CD30	disabled	disabled	ok
0049D230	disabled	disabled	ok
0049D750	disabled	disabled	ok
0049DB40	disabled	disabled	ok
0049DFA0	disabled	disabled	ok
0049E510	disabled	disabled	ok
0049EA00	disabled	disabled	ok
0049ED40	disabled	disabled	ok
0049F100	disabled	disabled	ok
0049F640	disabled	disabled	ok
0049F900	disabled	disabled	ok
0049FBF0	disabled	disabled	ok
004A0040	disabled	disabled	ok
004A0590	disabled	disabled	ok
004A0990	disabled	disabled	ok
004A0FA0	disabled	disabled	ok
004A3430	disabled	disabled	ok
004A3CD0	disabled	disabled	ok
004A4240	disabled	disabled	ok
004A4D60	disabled	disabled	ok
004A4F10	disabled	disabled	ok
004A67A0	disabled	disabled	ok
004A7490	disabled	disabled	ok
004A7AF0	disabled	disabled	ok
004A80A0	disabled	disabled	ok
004A8340	disabled	disabled	ok
004A85B0	disabled	disabled	ok
004A8690	disabled	disabled	ok
004A87A0	disabled	disabled	ok
004A8920	disabled	disabled	ok
004A8FC0	disabled	disabled	ok
004A9540	disabled	disabled	ok
004AB880	disabled	disabled	ok
004ABB30	disabled	disabled	ok
004ABE40	disabled	disabled	ok
004ABF00	disabled	disabled	ok
004AC040	disabled	disabled	ok
004AC1A0	disabled	disabled	ok
004AC410	disabled	disabled	ok
004AD1F0	disabled	disabled	ok
004AD790	disabled	disabled	ok
004ADBA0	disabled	disabled	ok
004B0D10	unchanged	disabled	ok
004B33D0	unchanged	disabled	ok
004B80D0	disabled	disabled	ok
004B9FA0	disabled	disabled	ok
004BE500	disabled	disabled	ok
004C3570	disabled	disabled	ok
004C3C00	disabled	disabled	ok
004C60E0	disabled	disabled	ok
004C6210	unchanged	disabled	ok
004C6440	unchanged	disabled	ok
004C6A00	disabled	disabled	ok
004C6BB0	unchanged	disabled	ok
004C6D00	unchanged	disabled	ok
004C84C0	unchanged	disabled	ok
004C94B0	disabled	disabled	ok
004C9770	disabled	disabled	ok
004CA3C0	disabled	disabled	ok
004CABB0	disabled	disabled	ok
004CBC10	disabled	disabled	ok
004CC220	unchanged	disabled	ok
004CC370	unchanged	disabled	ok
004D01F0	unchanged	disabled	ok
004D0310	unchanged	disabled	ok
004D0970	unchanged	disabled	ok
004D0A80	unchanged	disabled	ok
004D0B90	disabled	disabled	ok
004D11D0	disabled	disabled	ok
004D32C0	unchanged	disabled	ok
004D55B0	disabled	disabled	ok
004D67B0	disabled	disabled	ok
004D9000	unchanged	disabled	ok
004D95A0	unchanged	disabled	ok
004D9620	unchanged	disabled	ok
004D9C80	unchanged	disabled	ok
004DA230	unchanged	disabled	ok
004DA2B0	unchanged	disabled	ok
004DCE00	unchanged	disabled	ok
004E04A0	unchanged	disabled	ok
004E3880	unchanged	disabled	ok
004E9CE0	disabled	disabled	ok
004EAA20	unchanged	disabled	ok
004EC050	unchanged	disabled	ok
004EC0F0	unchanged	disabled	ok
004ECEA0	unchanged	disabled	ok
004ED430	unchanged	disabled	ok
004ED4B0	unchanged	disabled	ok
004ED630	disabled	disabled	ok
004EDDF0	disabled	disabled	ok
004EDF30	disabled	disabled	ok
004EE0A0	disabled	disabled	ok
004EE350	disabled	disabled	ok
004EE4D0	disabled	disabled	ok
004EEA40	disabled	disabled	ok
004EF020	disabled	disabled	ok
004EF320	disabled	disabled	ok
004EF6D0	disabled	disabled	ok
004EFB60	disabled	disabled	ok
004EFD10	disabled	disabled	ok
004EFFE0	disabled	disabled	ok
004F0210	disabled	disabled	ok
004F05C0	disabled	disabled	ok
004F0B60	disabled	disabled	ok
004F0E60	disabled	disabled	ok
004F1080	disabled	disabled	ok
004F1390	disabled	disabled	ok
004F1460	disabled	disabled	ok
004F1530	disabled	disabled	ok
004F1D90	disabled	disabled	ok
004F1F60	disabled	disabled	ok
004F2130	disabled	disabled	ok
004F2350	disabled	disabled	ok
004F2560	disabled	disabled	ok
004F2E40	disabled	disabled	ok
004F3130	disabled	disabled	ok
004F3540	disabled	disabled	ok
004F37C0	disabled	disabled	ok
004F3A30	disabled	disabled	ok
004F3CF0	disabled	disabled	ok
004F3FE0	disabled	disabled	ok
004F42A0	disabled	disabled	ok
004F5690	disabled	disabled	ok
004F7800	disabled	disabled	ok
004F80A0	disabled	disabled	ok
004F8C80	disabled	disabled	ok
004F92B0	disabled	disabled	ok
004F9480	disabled	disabled	ok
004F95B0	disabled	disabled	ok
004F96A0	disabled	disabled	ok
004F9CD0	disabled	disabled	ok
004F9ED0	disabled	disabled	ok
004FA400	disabled	disabled	ok
004FA570	disabled	disabled	ok
004FB060	disabled	disabled	ok
004FE370	disabled	disabled	ok
004FE4F0	disabled	disabled	ok
004FE6C0	disabled	disabled	ok
004FE960	disabled	disabled	ok
004FEE10	disabled	disabled	ok
004FF110	disabled	disabled	ok
004FF380	disabled	disabled	ok
004FFE90	disabled	disabled	ok
00500520	disabled	disabled	ok
005007A0	disabled	disabled	ok
00500BD0	disabled	disabled	ok
00501000	disabled	disabled	ok
00501190	disabled	disabled	ok
00501410	disabled	disabled	ok
00501590	disabled	disabled	ok
00501FF0	disabled	disabled	ok
00502360	disabled	disabled	ok
00502990	disabled	disabled	ok
00502FC0	disabled	disabled	ok
00503450	disabled	disabled	ok
00503BB0	disabled	disabled	ok
005040A0	disabled	disabled	ok
00504210	disabled	disabled	ok
005044B0	disabled	disabled	ok
005047C0	disabled	disabled	ok
005049A0	disabled	disabled	ok
00504B80	disabled	disabled	ok
00504CF0	disabled	disabled	ok
00504E60	disabled	disabled	ok
00505230	disabled	disabled	ok
00505960	disabled	disabled	ok
00505DF0	disabled	disabled	ok
005061C0	disabled	disabled	ok
00507F60	disabled	disabled	ok
005097E0	disabled	disabled	ok
0050A340	disabled	disabled	ok
0050C620	disabled	disabled	ok
0050E7D0	disabled	disabled	ok
0050F430	disabled	disabled	ok
0050FD60	disabled	disabled	ok
00510250	disabled	disabled	ok
00510370	disabled	disabled	ok
005104B0	disabled	disabled	ok
005105E0	disabled	disabled	ok
005107C0	disabled	disabled	ok
00510E30	disabled	disabled	ok
00511760	disabled	disabled	ok
00511AB0	disabled	disabled	ok
00511C70	disabled	disabled	ok
00511DF0	disabled	disabled	ok
00511FA0	disabled	disabled	ok
005123A0	disabled	disabled	ok
00512830	disabled	disabled	ok
00512BE0	unchanged	disabled	ok
00513030	disabled	disabled	ok
005134B0	disabled	disabled	ok
005135F0	disabled	disabled	ok
00513810	disabled	disabled	ok
00513A40	disabled	disabled	ok
00513BC0	disabled	disabled	ok
00513FA0	disabled	disabled	ok
00514330	disabled	disabled	ok
005145E0	disabled	disabled	ok
005149B0	disabled	disabled	ok
00514F10	disabled	disabled	ok
00515310	disabled	disabled	ok
00515650	disabled	disabled	ok
00515900	disabled	disabled	ok
00515C00	disabled	disabled	ok
00515E30	disabled	disabled	ok
00516300	disabled	disabled	ok
00516480	disabled	disabled	ok
00516A40	disabled	disabled	ok
00517A50	disabled	disabled	ok
00518C20	disabled	disabled	ok
0051A100	disabled	disabled	ok
0051B5A0	disabled	disabled	ok
0051C980	disabled	disabled	ok
0051D360	disabled	disabled	ok
0051D540	disabled	disabled	ok
0051DDD0	disabled	disabled	ok
0051F8F0	disabled	disabled	ok
0051FBA0	disabled	disabled	ok
0051FF50	disabled	disabled	ok
005204D0	disabled	disabled	ok
005205E0	disabled	disabled	ok
005206F0	disabled	disabled	ok
00520B50	disabled	disabled	ok
00520D10	disabled	disabled	ok
00521490	disabled	disabled	ok
00521900	disabled	disabled	ok
005219E0	disabled	disabled	ok
00521B90	disabled	disabled	ok
00522D40	disabled	disabled	ok
00522E80	disabled	disabled	ok
0052AB40	unchanged	unchanged	ok
0052BF00	disabled	disabled	ok
0052D0A0	disabled	disabled	ok
0052D200	disabled	disabled	ok
0052D370	disabled	disabled	ok
0052D690	disabled	disabled	ok
0052D980	disabled	disabled	ok
0052DB90	disabled	disabled	ok
0052DD20	disabled	disabled	ok
0052E500	disabled	disabled	ok
0052E5E0	disabled	disabled	ok
0052E8F0	disabled	disabled	ok
0052EB50	disabled	disabled	ok
0052EDF0	disabled	disabled	ok
0052EFB0	disabled	disabled	ok
0052F2B0	disabled	disabled	ok
0052F7E0	disabled	disabled	ok
0052F900	disabled	disabled	ok
0052FB00	disabled	disabled	ok
005325B0	disabled	disabled	ok
00532A80	disabled	disabled	ok
00532D50	disabled	disabled	ok
00533470	disabled	disabled	ok
00533880	disabled	disabled	ok
00533A10	disabled	disabled	ok
00533D10	disabled	disabled	ok
005380E0	disabled	disabled	ok
005381B0	disabled	disabled	ok
00538390	disabled	disabled	ok
005384A0	disabled	disabled	ok
005385C0	disabled	disabled	ok
00538690	disabled	disabled	ok
005389E0	disabled	disabled	ok
00538BA0	disabled	disabled	ok
00538DB0	disabled	disabled	ok
00538FC0	disabled	disabled	ok
00539280	disabled	disabled	ok
00539490	disabled	disabled	ok
005395B0	disabled	disabled	ok
005396E0	disabled	disabled	ok
005397F0	disabled	disabled	ok
00539B90	disabled	disabled	ok
0053A380	disabled	disabled	ok
0053A6B0	disabled	disabled	ok
0053A820	disabled	disabled	ok
0053AA50	disabled	disabled	ok
0053AC00	disabled	disabled	ok
0053AFB0	disabled	disabled	ok
0053C120	disabled	disabled	ok
0053C500	disabled	disabled	ok
0053C820	disabled	disabled	ok
0053CA80	disabled	disabled	ok
0053CEF0	disabled	disabled	ok
0053D1A0	disabled	disabled	ok
0053D290	disabled	disabled	ok
0053D3B0	disabled	disabled	ok
0053D4D0	disabled	disabled	ok
0053D7A0	disabled	disabled	ok
0053D920	disabled	disabled	ok
0053DAF0	disabled	disabled	ok
0053DCC0	disabled	disabled	ok
0053DEA0	disabled	disabled	ok
0053E1C0	disabled	disabled	ok
0053E3F0	disabled	disabled	ok
0053E640	disabled	disabled	ok
0053E760	disabled	disabled	ok
0053E920	disabled	disabled	ok
0053EA50	disabled	disabled	ok
0053EB70	disabled	disabled	ok
0053EE30	disabled	disabled	ok
0053EF20	disabled	disabled	ok
0053F220	disabled	disabled	ok
0053F3A0	disabled	disabled	ok
0053F650	disabled	disabled	ok
0053F780	disabled	disabled	ok
0053F940	disabled	disabled	ok
0053FCD0	disabled	disabled	ok
0053FEE0	disabled	disabled	ok
005400F0	disabled	disabled	ok
005403C0	unchanged	unchanged	ok
005404F0	unchanged	unchanged	ok
00540620	unchanged	unchanged	ok
00540760	unchanged	unchanged	ok
00540890	disabled	disabled	ok
00540A60	disabled	disabled	ok
00540DC0	unchanged	unchanged	ok
00541030	unchanged	unchanged	ok
005424A0	disabled	disabled	ok
00542D80	unchanged	unchanged	ok
00542F40	disabled	disabled	ok
00543600	disabled	disabled	ok
00543830	disabled	disabled	ok
00543990	disabled	disabled	ok
00543AD0	disabled	disabled	ok
00543C90	disabled	disabled	ok
00543FA0	disabled	disabled	ok
005441A0	disabled	disabled	ok
00544460	disabled	disabled	ok
005446C0	disabled	disabled	ok
00544800	disabled	disabled	ok
005449B0	disabled	disabled	ok
00548C40	disabled	disabled	ok
0054AEE0	disabled	disabled	ok
0054BE70	disabled	disabled	ok
0054BF40	disabled	disabled	ok
0054C740	unchanged	unchanged	ok
0054CC20	disabled	disabled	ok
0054CDD0	unchanged	disabled	ok
0054CFC0	disabled	disabled	ok
0054D180	disabled	disabled	ok
0054D2F0	disabled	disabled	ok
0054D430	disabled	disabled	ok
0054D550	disabled	disabled	ok
0054D640	disabled	disabled	ok
0054E4F0	disabled	disabled	ok
0054E950	disabled	disabled	ok
0054EC20	disabled	disabled	ok
0054EEE0	disabled	disabled	ok
0054F1D0	disabled	disabled	ok
00550250	disabled	disabled	ok
00550DB0	disabled	disabled	ok
005512F0	disabled	disabled	ok
00551460	disabled	disabled	ok
00551690	disabled	disabled	ok
00551BA0	disabled	disabled	ok
00551EC0	disabled	disabled	ok
005521B0	disabled	disabled	ok
005522A0	disabled	disabled	ok
005528B0	disabled	disabled	ok
00552A30	disabled	disabled	ok
00552AF0	disabled	disabled	ok
00552BC0	disabled	disabled	ok
00552E40	disabled	disabled	ok
005540E0	disabled	disabled	ok
005544E0	disabled	disabled	ok
00554660	disabled	disabled	ok
00554800	disabled	disabled	ok
00554AD0	disabled	disabled	ok
00554C80	disabled	disabled	ok
00554F20	disabled	disabled	ok
00555040	disabled	disabled	ok
00555720	disabled	disabled	ok
00555910	disabled	disabled	ok
00555E80	disabled	disabled	ok
00555FE0	disabled	disabled	ok
00556170	disabled	disabled	ok
005564C0	disabled	disabled	ok
00556760	disabled	disabled	ok
00556DD0	disabled	disabled	ok
005578D0	disabled	disabled	ok
00557C90	disabled	disabled	ok
005582A0	disabled	disabled	ok
005585F0	disabled	disabled	ok
00558840	disabled	disabled	ok
005597A0	disabled	disabled	ok
00559B30	disabled	disabled	ok
00559EC0	disabled	disabled	ok
0055A270	disabled	disabled	ok
0055A620	disabled	disabled	ok
0055A9D0	disabled	disabled	ok
0055AB50	disabled	disabled	ok
0055D730	unchanged	unchanged	ok
0055DA40	unchanged	unchanged	ok
0055DBF0	unchanged	unchanged	ok
0055DCD0	unchanged	unchanged	ok
0055F410	unchanged	unchanged	ok
00561670	unchanged	disabled	ok
00562F50	unchanged	unchanged	ok
00565820	unchanged	unchanged	ok
00566600	unchanged	disabled	ok
00566C20	disabled	disabled	ok
00568C50	disabled	disabled	ok
0056ADC0	disabled	disabled	ok
0056C750	disabled	disabled	ok
0056CBD0	disabled	disabled	ok
0056D1F0	disabled	disabled	ok
0056D370	disabled	disabled	ok
0056D580	disabled	disabled	ok
0056D740	disabled	disabled	ok
0056DB80	disabled	disabled	ok
0056FA60	disabled	disabled	ok
00571400	disabled	disabled	ok
005751F0	unchanged	unchanged	ok
00575CB0	disabled	disabled	ok
00576AD0	disabled	disabled	ok
00576BB0	unchanged	unchanged	ok
00576CE0	unchanged	unchanged	ok
00576E10	disabled	disabled	ok
00576EF0	disabled	disabled	ok
005770D0	disabled	disabled	ok
00577280	unchanged	unchanged	ok
005776D0	disabled	disabled	ok
00578200	disabled	disabled	ok
00578560	disabled	disabled	ok
00578630	disabled	disabled	ok
00579170	disabled	disabled	ok
0057A2C0	unchanged	disabled	ok
0057B350	unchanged	disabled	ok
0057BF60	disabled	disabled	ok
0057CD70	disabled	disabled	ok
0057DFD0	disabled	disabled	ok
0057E0A0	disabled	disabled	ok
0057F580	disabled	disabled	ok
0057F6E0	disabled	disabled	ok
00580B60	disabled	disabled	ok
00581AC0	disabled	disabled	ok
00581BF0	disabled	disabled	ok
005825C0	disabled	disabled	ok
00583270	disabled	disabled	ok
005859A0	disabled	disabled	ok
00588BC0	disabled	disabled	ok
00589B50	disabled	disabled	ok
00589C10	disabled	disabled	ok
0058A8D0	disabled	disabled	ok
0058C560	unchanged	disabled	ok
0058C760	disabled	disabled	ok
0058D7C0	disabled	disabled	ok
0058E570	disabled	disabled	ok
00590010	disabled	disabled	ok
00590170	disabled	disabled	ok
00590410	disabled	disabled	ok
00590580	disabled	disabled	ok
005907D0	disabled	disabled	ok
005908B0	disabled	disabled	ok
00590B40	disabled	disabled	ok
005916F0	disabled	disabled	ok
00591940	disabled	disabled	ok
00591BF0	disabled	disabled	ok
00592340	disabled	disabled	ok
00592470	disabled	disabled	ok
005926E0	disabled	disabled	ok
00593040	disabled	disabled	ok
005939E0	disabled	disabled	ok
00593B50	disabled	disabled	ok
005941D0	disabled	disabled	ok
00594440	disabled	disabled	ok
00594B90	disabled	disabled	ok
00594D40	disabled	disabled	ok
00594EB0	disabled	disabled	ok
005952B0	disabled	disabled	ok
005956C0	disabled	disabled	ok
00595E40	disabled	disabled	ok
005967F0	disabled	disabled	ok
00596CC0	disabled	disabled	ok
00597120	disabled	disabled	ok
00597E70	disabled	disabled	ok
005999C0	disabled	disabled	ok
00599BE0	disabled	disabled	ok
00599E90	disabled	disabled	ok
0059A320	disabled	disabled	ok
0059A640	disabled	disabled	ok
0059A910	disabled	disabled	ok
0059B2C0	disabled	disabled	ok
0059B740	disabled	disabled	ok
0059C520	disabled	disabled	ok
0059C700	disabled	disabled	ok
0059C9F0	disabled	disabled	ok
0059CEE0	disabled	disabled	ok
0059D240	disabled	disabled	ok
0059D720	disabled	disabled	ok
0059DB20	disabled	disabled	ok
0059E7F0	disabled	disabled	ok
0059EB00	disabled	disabled	ok
0059F260	disabled	disabled	ok
0059F670	disabled	disabled	ok
005A0DC0	disabled	disabled	ok
005A0FF0	disabled	disabled	ok
005A1160	disabled	disabled	ok
005A1430	disabled	disabled	ok
005A1630	disabled	disabled	ok
005A1920	disabled	disabled	ok
005A1F00	disabled	disabled	ok
005A2380	disabled	disabled	ok
005A26C0	disabled	disabled	ok
005A2A60	disabled	disabled	ok
005A2C10	disabled	disabled	ok
005A2D70	disabled	disabled	ok
005A2FF0	disabled	disabled	ok
005A32F0	disabled	disabled	ok
005A3540	disabled	disabled	ok
005A3AB0	disabled	disabled	ok
005A40F0	disabled	disabled	ok
005A4350	disabled	disabled	ok
005AA6A0	disabled	disabled	ok
005AA880	disabled	disabled	ok
005AACB0	disabled	disabled	ok
005AAFB0	disabled	disabled	ok
005AB0A0	disabled	disabled	ok
005AB1D0	disabled	disabled	ok
005AB300	disabled	disabled	ok
005ACB30	disabled	disabled	ok
005AD050	disabled	disabled	ok
005AD390	disabled	disabled	ok
005ADF10	disabled	disabled	ok
005AE050	disabled	disabled	ok
005AEAB0	disabled	disabled	ok
005AF350	disabled	disabled	ok
005AFD00	disabled	disabled	ok
005B0BA0	disabled	disabled	ok
005B2970	disabled	disabled	ok
005B2F90	disabled	disabled	ok
005B3160	disabled	disabled	ok
005B3430	disabled	disabled	ok
005B3B00	disabled	disabled	ok
005B3C30	disabled	disabled	ok
005B3D60	disabled	disabled	ok
005B48E0	disabled	disabled	ok
005B4BB0	disabled	disabled	ok
005B5240	disabled	disabled	ok
005B5510	disabled	disabled	ok
005B5690	disabled	disabled	ok
005B5A30	disabled	disabled	ok
005B6220	disabled	disabled	ok
005B6480	disabled	disabled	ok
005B6560	disabled	disabled	ok
005B67A0	disabled	disabled	ok
005B68B0	disabled	disabled	ok
005B69F0	disabled	disabled	ok
005B6B20	disabled	disabled	ok
005B6F10	disabled	disabled	ok
005B6FF0	disabled	disabled	ok
005B7210	disabled	disabled	ok
005B7340	disabled	disabled	ok
005B7540	disabled	disabled	ok
005B7EF0	disabled	disabled	ok
005B87D0	disabled	disabled	ok
005B8C70	disabled	disabled	ok
005B9010	disabled	disabled	ok
005B9170	disabled	disabled	ok
005B9330	disabled	disabled	ok
005B9730	disabled	disabled	ok
005B9860	disabled	disabled	ok
005B99F0	disabled	disabled	ok
005B9B10	disabled	disabled	ok
005BA560	disabled	disabled	ok
005BA8B0	disabled	disabled	ok
005BAAC0	disabled	disabled	ok
005BAE00	disabled	disabled	ok
005BB910	disabled	disabled	ok
005BBA90	disabled	disabled	ok
005BC050	disabled	disabled	ok
005BC5E0	disabled	disabled	ok
005BD4B0	disabled	disabled	ok
005BD7A0	disabled	disabled	ok
005BE310	disabled	disabled	ok
005BE5B0	disabled	disabled	ok
005BF860	disabled	disabled	ok
005BFD30	disabled	disabled	ok
005BFF00	disabled	disabled	ok
005C0980	disabled	disabled	ok
005C0B00	disabled	disabled	ok
005C0E00	disabled	disabled	ok
005C1340	disabled	disabled	ok
005C1610	disabled	disabled	ok
005C1A90	disabled	disabled	ok
005C28C0	disabled	disabled	ok
005C29B0	unchanged	disabled	ok
005C4930	disabled	disabled	ok
005C4E20	disabled	disabled	ok
005C5130	disabled	disabled	ok
005C5B60	disabled	disabled	ok
005C6030	disabled	disabled	ok
005C6D40	disabled	disabled	ok
005C8200	unchanged	disabled	ok
005C87C0	disabled	disabled	ok
005C8A40	disabled	disabled	ok
005CBD00	disabled	disabled	ok
005CC2D0	disabled	disabled	ok
005CC440	disabled	disabled	ok
005CC840	disabled	disabled	ok
005CCE10	disabled	disabled	ok
005CD430	disabled	disabled	ok
005CD9A0	disabled	disabled	ok
005CDB20	disabled	disabled	ok
005CDF60	disabled	disabled	ok
005CE0E0	disabled	disabled	ok
005CFCD0	disabled	disabled	ok
005CFE50	disabled	disabled	ok
005CFF40	disabled	disabled	ok
005D0150	disabled	disabled	ok
005D06C0	disabled	disabled	ok
005D0850	disabled	disabled	ok
005D0A20	disabled	disabled	ok
005D0BB0	disabled	disabled	ok
005D0ED0	disabled	disabled	ok
005D1100	disabled	disabled	ok
005D1400	disabled	disabled	ok
005D4850	disabled	disabled	ok
005D4990	disabled	disabled	ok
005D4E90	disabled	disabled	ok
005D5160	disabled	disabled	ok
005D5560	disabled	disabled	ok
005D7A50	disabled	disabled	ok
005D7F80	disabled	disabled	ok
005D8160	disabled	disabled	ok
005D81F0	disabled	disabled	ok
005D8450	disabled	disabled	ok
005D8A90	disabled	disabled	ok
005D8BF0	disabled	disabled	ok
005D9250	disabled	disabled	ok
005D9470	disabled	disabled	ok
005DAC80	disabled	disabled	ok
005DADF0	disabled	disabled	ok
005DB4F0	disabled	disabled	ok
005DBE50	disabled	disabled	ok
005DBF40	disabled	disabled	ok
005DC050	disabled	disabled	ok
005DC730	disabled	disabled	ok
005DCC10	disabled	disabled	ok
005DCE90	disabled	disabled	ok
005DD470	disabled	disabled	ok
005DD850	disabled	disabled	ok
005DDC70	disabled	disabled	ok
005DE050	disabled	disabled	ok
005DE270	disabled	disabled	ok
005DE670	unchanged	disabled	ok
005DEB90	unchanged	disabled	ok
005DF530	disabled	disabled	ok
005DF640	disabled	disabled	ok
005DF7C0	disabled	disabled	ok
005DFA30	disabled	disabled	ok
005E0470	disabled	disabled	ok
005E09E0	disabled	disabled	ok
005E0AC0	disabled	disabled	ok
005E10A0	disabled	disabled	ok
005E11D0	disabled	disabled	ok
005E1330	disabled	disabled	ok
005E3E80	disabled	disabled	ok
005E4180	disabled	disabled	ok
005E4300	disabled	disabled	ok
005E4570	disabled	disabled	ok
005E58D0	disabled	disabled	ok
005E5BA0	disabled	disabled	ok
005E5D50	disabled	disabled	ok
005E5E30	disabled	disabled	ok
005E5FB0	disabled	disabled	ok
005E6640	disabled	disabled	ok
005E6770	disabled	disabled	ok
005E7570	disabled	disabled	ok
005E79B0	disabled	disabled	ok
005E7C00	disabled	disabled	ok
005E7FE0	disabled	disabled	ok
005E84D0	disabled	disabled	ok
005E9830	disabled	disabled	ok
005E9B50	disabled	disabled	ok
005E9D70	disabled	disabled	ok
005EA680	disabled	disabled	ok
005EAF10	disabled	disabled	ok
005F10D0	disabled	disabled	ok
005F27C0	disabled	disabled	ok
005F5F20	disabled	disabled	ok
005F6AF0	disabled	disabled	ok
005F94C0	disabled	disabled	ok
005FB640	disabled	disabled	ok
005FDB50	unchanged	disabled	ok
00601F80	disabled	disabled	ok
00603740	disabled	disabled	ok
006041A0	disabled	disabled	ok
00604A90	disabled	disabled	ok
006051B0	disabled	disabled	ok
006099E0	disabled	disabled	ok
00609B90	disabled	disabled	ok
00609D60	disabled	disabled	ok
006132F0	disabled	disabled	ok
00617640	disabled	disabled	ok
006178C0	disabled	disabled	ok
00618C00	disabled	disabled	ok
006195E0	disabled	disabled	ok
0061D190	disabled	disabled	ok
0061DB80	disabled	disabled	ok
0061F660	disabled	disabled	ok
00621B50	disabled	disabled	ok
00623170	disabled	disabled	ok
00627EB0	disabled	disabled	ok
00629070	disabled	disabled	ok
006298A0	disabled	disabled	ok
0062CCA0	disabled	disabled	ok
0062CF90	disabled	disabled	ok
0062D910	disabled	disabled	ok
0062DD80	disabled	disabled	ok
0062E740	disabled	disabled	ok
0062ED90	disabled	disabled	ok
0062F3B0	disabled	disabled	ok
00630430	disabled	disabled	ok
00632A00	disabled	disabled	ok
0063D280	disabled	disabled	ok
0063DEF0	disabled	disabled	ok
0063E160	disabled	disabled	ok
0063F3D0	disabled	disabled	ok
006406D0	disabled	disabled	ok
00645020	disabled	disabled	ok
006451B0	disabled	disabled	ok
006452A0	disabled	disabled	ok
00645420	disabled	disabled	ok
006456C0	disabled	disabled	ok
006461E0	disabled	disabled	ok
006474E0	disabled	disabled	ok
00647DC0	disabled	disabled	ok
00647EF0	disabled	disabled	ok
00648030	disabled	disabled	ok
00648400	unchanged	disabled	ok
00648530	unchanged	disabled	ok
00648620	unchanged	unchanged	ok
00648780	unchanged	unchanged	ok
006488C0	unchanged	unchanged	ok
00648AB0	unchanged	unchanged	ok
00648C10	unchanged	unchanged	ok
00648E70	unchanged	unchanged	ok
00648FE0	unchanged	unchanged	ok
006494C0	unchanged	unchanged	ok
00649790	unchanged	unchanged	ok
00649A60	unchanged	unchanged	ok
00649B90	unchanged	unchanged	ok
00649EB0	unchanged	unchanged	ok
0064A630	unchanged	disabled	ok
0064A6F0	unchanged	disabled	ok
0064A830	unchanged	disabled	ok
0064A970	unchanged	disabled	ok
0064CD80	disabled	disabled	ok
0064D000	disabled	disabled	ok
0064D270	disabled	disabled	ok
0064D890	disabled	disabled	ok
0064DB00	disabled	disabled	ok
0064DDA0	disabled	disabled	ok
0064DFA0	disabled	disabled	ok
0064E300	unchanged	disabled	ok
0065C9E0	unchanged	disabled	ok
0065CB00	unchanged	disabled	ok
0065CD10	unchanged	unchanged	ok
0065D120	unchanged	disabled	ok
0065D2A0	disabled	disabled	ok
0065D4B0	disabled	disabled	ok
0065D760	disabled	disabled	ok
0065F1D0	disabled	disabled	ok
0065F660	disabled	disabled	ok
00660180	unchanged	disabled	ok
006618E0	disabled	disabled	ok
00662240	disabled	disabled	ok
00667D90	disabled	disabled	ok
00668180	unchanged	disabled	ok
00668330	unchanged	disabled	ok
006684E0	unchanged	unchanged	ok
0066ACC0	unchanged	disabled	ok
00671F10	unchanged	disabled	ok
00672B60	unchanged	disabled	ok
00675EA0	unchanged	unchanged	ok
00675FE0	unchanged	unchanged	ok
00676170	unchanged	unchanged	ok
00676260	unchanged	unchanged	ok
006763F0	unchanged	unchanged	ok
00676D80	unchanged	unchanged	ok
00677290	unchanged	disabled	ok
006773B0	unchanged	disabled	ok
006774C0	unchanged	disabled	ok
006775E0	unchanged	disabled	ok
00677960	unchanged	unchanged	ok
00677BE0	unchanged	unchanged	ok
00677F40	unchanged	unchanged	ok
00678240	unchanged	unchanged	ok
006785A0	unchanged	unchanged	ok
00678980	disabled	disabled	ok
00678BE0	disabled	disabled	ok
00679300	disabled	disabled	ok
00679470	disabled	disabled	ok
0067B3C0	disabled	disabled	ok
0067B520	disabled	disabled	ok
0067C180	disabled	disabled	ok
0067C7E0	disabled	disabled	ok
0067CF30	unchanged	disabled	ok
0067D1D0	unchanged	disabled	ok
0067D3B0	unchanged	unchanged	ok
0067D880	unchanged	unchanged	ok
0067D9C0	unchanged	unchanged	ok
0067DB30	unchanged	unchanged	ok
0067DC20	unchanged	unchanged	ok
0067DEC0	unchanged	unchanged	ok
0067DFD0	unchanged	unchanged	ok
0067E0E0	unchanged	unchanged	ok
0067E200	unchanged	unchanged	ok
0067E320	unchanged	unchanged	ok
0067E4A0	unchanged	unchanged	ok
0067E580	unchanged	unchanged	ok
0067E6B0	unchanged	unchanged	ok
0067E7E0	unchanged	unchanged	ok
006802A0	unchanged	disabled	ok
00680890	unchanged	disabled	ok
006809F0	unchanged	disabled	ok
006823E0	unchanged	disabled	ok
006827A0	unchanged	disabled	ok
00682850	unchanged	disabled	ok
00682D70	unchanged	disabled	ok
006836C0	unchanged	disabled	ok
00683780	unchanged	disabled	ok
006838B0	unchanged	disabled	ok
006839D0	unchanged	disabled	ok
00683C70	unchanged	disabled	ok
0068CEC0	unchanged	disabled	ok
0068DC80	disabled	disabled	ok
0068E050	disabled	disabled	ok
0068E690	unchanged	disabled	ok
0068E950	disabled	disabled	ok
0068EA40	disabled	disabled	ok
0068EB30	disabled	disabled	ok
0068EC70	disabled	disabled	ok
0068F020	disabled	disabled	ok
0068F360	disabled	disabled	ok
0068F660	disabled	disabled	ok
0068F7E0	disabled	disabled	ok
0068FB30	disabled	disabled	ok
0068FD00	disabled	disabled	ok
00690650	disabled	disabled	ok
00690B90	disabled	disabled	ok
00690E90	unchanged	disabled	ok
00690FC0	unchanged	disabled	ok
00691190	unchanged	unchanged	ok
00691690	unchanged	disabled	ok
00692C10	unchanged	disabled	ok
00695A60	disabled	disabled	ok
006A01D0	disabled	disabled	ok
006A0740	disabled	disabled	ok
006A0960	disabled	disabled	ok
006A2770	unchanged	disabled	ok
006A2ED0	unchanged	disabled	ok
